id,Units
0,2355.1218
1,14935.235
2,1189.4628
5,472.14066
8,1538.1699
9,482.05774
10,1217.7863
11,647.5814
12,2626.055
13,16685.037
14,1460.3961
15,404.28394
16,1287.142
17,569.8076
18,2630.892
20,1465.2333
21,382.86658
22,1265.7246
23,548.3903
25,17092.113
28,1249.7172
29,530.1411
30,2632.5938
32,1466.935
35,530.1411
36,2632.5938
37,17092.113
40,1249.7172
44,1554.0605
45,400.78436
46,1285.884
47,566.30804
48,2719.7197
49,17459.559
50,1554.0605
53,566.30804
54,2719.7197
55,17459.559
56,1554.0605
57,400.78436
61,17459.559
62,1554.0605
64,1285.884
65,566.30804
66,2719.7197
67,17459.559
68,1554.0605
69,400.78436
70,1285.884
71,566.30804
73,17557.39
74,1554.0605
76,1383.7166
78,2735.6167
79,17904.559
80,1569.9574
81,347.8549
82,1662.0591
83,513.37866
84,2779.4941
85,17948.436
87,391.7325
88,1705.9365
90,2779.4941
92,1613.835
93,391.7325
94,1705.9365
96,2805.0527
97,17973.994
98,1639.3937
100,1731.4952
101,582.8149
102,2819.6638
104,1654.0044
105,431.90198
106,1761.8269
107,597.4256
109,18004.326
110,1654.0044
111,431.90198
112,1761.8269
116,1654.0044
117,431.90198
118,1761.8269
119,597.4256
120,2800.0527
122,1634.3932
123,412.29074
125,577.8144
127,17984.715
128,1634.3932
129,412.29074
132,2769.3586
133,17954.021
134,1603.6991
135,381.5966
136,1711.5216
138,2769.3586
139,17954.021
140,1603.6991
141,381.5966
143,547.12024
144,2769.3586
146,1603.6991
147,381.5966
148,1711.5216
149,547.12024
150,2769.3586
151,17954.021
152,1603.6991
153,381.5966
154,1711.5216
155,547.12024
156,2760.1472
157,17944.81
158,1594.4878
159,372.38525
160,1702.3103
161,537.90894
163,17944.81
164,1594.4878
165,372.38525
166,1702.3103
167,537.90894
168,2760.1472
170,1594.4878
171,372.38525
175,17944.81
176,1594.4878
177,372.38525
178,1702.3103
179,537.90894
181,17821.225
182,1470.9016
183,248.79903
184,1578.7241
185,414.32278
186,2636.5613
187,17821.225
188,1470.9016
191,414.32278
196,1667.7727
197,497.44043
198,2699.715
199,18190.305
201,331.9168
204,2760.449
205,18251.037
206,1594.7894
207,392.65067
208,1728.5066
209,558.1743
210,2610.417
211,18069.664
212,1444.758
214,1547.1338
216,2834.8635
217,18917.441
218,1669.2048
219,404.5374
220,1993.7296
221,570.06104
222,2912.9736
223,19189.875
224,1747.315
226,2266.1638
227,648.1711
228,2912.9736
229,19189.875
231,482.64746
233,648.1711
235,18997.594
238,2073.8826
239,650.2139
240,2851.3062
241,18933.885
242,1685.6476
243,420.98013
244,2010.1722
246,2878.2937
247,18960.873
248,1712.6353
250,2037.1599
251,613.49146
252,2878.2937
253,18960.873
254,1712.6353
255,447.96783
256,2037.1599
257,613.49146
259,18960.873
260,1712.6353
261,447.96783
262,2037.1599
263,613.49146
264,2842.5933
265,18849.846
266,1676.9348
267,412.2673
269,577.7909
270,2842.5933
271,18849.846
274,1926.1324
275,577.7909
278,1676.9348
279,412.2673
280,1926.1324
282,2874.7588
284,1709.1007
285,444.4331
286,1962.3492
288,2675.4587
289,18398.191
291,352.91614
292,1771.2577
293,518.4398
294,2681.6555
295,18277.578
297,359.11298
300,2414.5422
301,16618.6
302,1248.8834
303,440.0432
305,605.56696
308,10998.841
310,601.3459
312,419.85687
313,508.4037
314,603.6887
320,994.35645
321,284.85492
322,-239.87718
323,307.6008
324,2651.5002
325,16615.684
326,1343.0635
328,793.2255
329,483.04163
330,2573.7263
331,16685.037
332,1265.2897
333,382.5219
335,405.26782
336,2578.5635
338,1270.1268
340,841.16394
341,383.85046
342,2580.2651
343,17092.113
344,1271.8286
345,342.85535
346,825.1565
347,365.60123
350,1271.8286
351,342.85535
352,825.1565
353,365.60123
354,2580.2651
355,17092.113
356,1271.8286
357,342.85535
359,365.60123
361,17459.559
362,1358.9541
364,861.3235
365,401.76825
366,2667.391
367,17459.559
368,1358.9541
369,379.02237
371,401.76825
372,2667.391
373,17459.559
378,2667.391
379,17459.559
380,1358.9541
382,861.3235
383,401.76825
384,2667.391
385,17459.559
386,1358.9541
388,861.3235
389,401.76825
390,2667.391
391,17557.39
393,379.02237
394,959.1559
395,401.76825
397,17904.559
398,1423.4323
400,1237.4987
402,2775.747
403,17948.436
404,1467.3098
405,418.55194
406,1281.3762
407,441.29782
409,17948.436
410,1467.3098
412,1281.3762
413,441.29782
414,2801.3057
415,17973.994
416,1492.8685
417,444.11066
419,466.85654
422,1507.4792
423,458.7214
424,1337.2666
425,481.4673
426,2815.9167
427,18004.326
428,1507.4792
429,458.7214
431,481.4673
432,2815.9167
434,1507.4792
437,481.4673
438,2796.3057
439,17984.715
440,1487.868
441,439.11017
442,1317.6554
444,2796.3057
446,1487.868
447,439.11017
450,2765.6116
451,17954.021
452,1457.174
453,408.41602
455,431.1619
457,17954.021
458,1457.174
459,408.41602
460,1286.9613
461,431.1619
463,17954.021
464,1457.174
466,1286.9613
467,431.1619
468,2765.6116
470,1457.174
471,408.41602
472,1286.9613
473,431.1619
474,2756.4001
475,17944.81
476,1447.9626
477,399.20468
478,1277.75
479,421.95056
480,2756.4001
482,1447.9626
483,399.20468
484,1277.75
485,421.95056
490,1277.75
491,421.95056
492,2756.4001
493,17944.81
497,421.95056
498,2632.8142
500,1324.3765
502,1154.1638
503,298.36435
504,2632.8142
505,17821.225
507,275.61844
508,1154.1638
509,298.36435
510,2695.968
511,18190.305
512,1387.5304
514,1243.2124
516,2695.968
517,18190.305
518,1387.5304
520,1243.2124
521,381.482
522,2756.702
523,18251.037
526,1303.9463
527,442.21585
528,2606.67
529,18069.664
530,1298.2329
531,269.4386
532,1122.5735
533,292.18436
534,2789.957
535,18917.441
536,1481.5201
537,390.19733
538,1569.1693
539,412.9431
541,19189.875
543,468.30737
544,1841.6036
545,491.05316
548,1559.6302
549,468.30737
550,1841.6036
551,491.05316
552,2870.1096
554,1561.6731
555,470.3502
557,493.096
558,2806.3997
559,18933.885
561,406.64005
562,1585.612
563,429.38583
564,2833.3872
565,18960.873
566,1524.9506
567,433.62775
570,2833.3872
572,1524.9506
573,433.62775
574,1612.5997
575,456.37354
576,2833.3872
577,18960.873
578,1524.9506
579,433.62775
580,1612.5997
581,456.37354
582,2797.6868
584,1489.2501
586,1501.5721
588,2797.6868
589,18849.846
592,1501.5721
593,420.673
594,2797.6868
595,18849.846
596,1489.2501
597,397.9272
598,1501.5721
599,420.673
600,2829.8523
601,18697.064
602,1521.416
603,430.093
605,452.8388
608,1322.1155
609,338.57602
610,1346.6974
611,361.3219
612,2636.749
613,18277.578
614,1328.3124
615,344.77286
617,367.51874
621,425.7031
622,1278.1057
623,448.44897
626,10998.841
630,405.51675
631,83.84346
632,446.57077
637,18723.102
638,1606.9576
640,573.0939
642,2878.1094
643,18792.455
645,571.61786
646,642.4495
647,553.87427
648,2882.9465
650,1534.021
651,550.20056
653,532.457
654,2884.6482
655,19199.531
656,1535.7228
657,531.9514
658,605.0248
661,19199.531
662,1535.7228
664,605.0248
665,514.20795
666,2884.6482
667,19199.531
668,1535.7228
669,531.9514
670,605.0248
671,514.20795
672,2971.7742
673,19566.977
675,568.1183
676,641.1918
678,2971.7742
679,19566.977
681,568.1183
682,641.1918
683,550.3749
684,2971.7742
685,19566.977
686,1622.8483
689,550.3749
692,1622.8483
693,568.1183
694,641.1918
696,2971.7742
698,1622.8483
701,550.3749
702,2971.7742
703,19664.809
704,1622.8483
705,568.1183
707,550.3749
708,3036.2527
709,20011.977
710,1687.3264
711,563.77026
712,1017.3673
713,546.02673
714,3080.1301
715,20055.854
716,1731.204
717,607.6477
718,1061.2445
719,589.90424
720,3080.1301
721,20055.854
722,1731.204
723,607.6477
724,1061.2445
726,3105.6887
727,20081.412
728,1756.7627
729,633.2064
730,1086.8032
731,615.46295
732,3120.2998
735,647.8172
736,1117.1349
737,630.0737
738,3120.2998
740,1771.3734
741,647.8172
742,1117.1349
743,630.0737
744,3120.2998
745,20111.744
746,1771.3734
747,647.8172
748,1117.1349
749,630.0737
750,3100.6887
754,1097.5237
755,610.46246
757,20092.133
758,1751.7622
759,628.20593
760,1097.5237
761,610.46246
767,579.7683
768,3069.9946
769,20061.44
772,1066.8296
773,579.7683
774,3069.9946
775,20061.44
778,1066.8296
779,579.7683
780,3069.9946
781,20061.44
782,1721.0681
783,597.5118
784,1066.8296
786,3060.7832
787,20052.229
788,1711.8568
790,1057.6183
791,570.557
793,20052.229
794,1711.8568
795,588.3005
796,1057.6183
797,570.557
798,3060.7832
799,20052.229
800,1711.8568
803,570.557
804,3060.7832
805,20052.229
806,1711.8568
807,588.3005
810,2937.1973
811,19928.643
813,464.71436
814,934.0324
815,446.97092
816,2937.1973
818,1588.2706
819,464.71436
820,934.0324
821,446.97092
822,3000.351
823,20297.723
825,547.8321
826,1023.08105
830,1651.4246
831,547.8321
832,1023.08105
833,530.08856
834,3061.085
835,20358.455
836,1712.1584
838,1083.8148
839,590.82245
840,2911.053
841,20177.082
842,1562.1271
843,458.53442
844,902.4422
845,440.791
846,3094.34
847,21024.86
848,1745.4143
849,579.2932
850,1349.0376
851,561.54974
853,21297.293
854,1823.5244
855,657.4032
856,1621.4719
857,639.6597
859,21297.293
860,1823.5244
861,657.4032
862,1621.4719
865,21105.012
867,659.44604
868,1429.1906
869,641.7026
870,3110.7827
871,21041.303
872,1761.857
873,595.7359
874,1365.4803
875,577.99243
876,3137.7703
877,21068.291
878,1788.8447
879,622.7236
880,1392.468
881,604.9801
882,3137.7703
885,622.7236
886,1392.468
888,3137.7703
892,1392.468
893,604.9801
894,3102.0698
895,20957.264
896,1753.1443
897,587.023
898,1281.4404
899,569.27954
900,3102.0698
901,20957.264
903,587.023
904,1281.4404
905,569.27954
906,3102.0698
908,1753.1443
910,1281.4404
913,20804.482
914,1785.3102
915,619.1888
916,1317.6572
917,601.4453
921,487.9133
922,1086.8071
923,470.16977
924,2901.3735
925,20345.238
926,1552.448
928,1188.3723
929,476.36658
930,2634.2605
931,18686.26
932,1285.3344
935,557.29706
936,1816.8359
938,12914.926
940,486.21725
942,403.2745
943,-327.6262
944,403.83926
948,2567.3145
950,1218.3885
951,434.08902
952,-499.87064
955,18957.852
957,672.07196
958,807.846
962,1551.8641
963,594.29816
964,877.2016
965,576.5547
966,2905.627
967,19265.047
968,1556.7013
969,572.88086
970,855.7843
971,555.1374
972,2907.3286
974,1558.4031
975,554.6317
977,536.8881
978,2907.3286
980,1558.4031
981,554.6317
982,839.77673
983,536.8881
985,19434.281
986,1558.4031
989,536.8881
990,2994.4546
991,19801.727
992,1645.5286
994,875.94403
996,2994.4546
997,19801.727
999,590.7986
1000,875.94403
1001,573.0552
1002,2994.4546
1004,1645.5286
1005,590.7986
1006,875.94403
1007,573.0552
1008,2994.4546
1009,19801.727
1010,1645.5286
1011,590.7986
1013,573.0552
1014,2994.4546
1015,19801.727
1017,590.7986
1018,875.94403
1019,573.0552
1020,2994.4546
1021,19899.559
1022,1645.5286
1023,590.7986
1025,573.0552
1026,3058.933
1027,20246.727
1028,1710.0067
1029,586.4506
1030,1252.1191
1031,568.7071
1032,3102.8105
1033,20290.604
1037,612.5846
1038,3102.8105
1039,20290.604
1040,1753.8843
1041,630.32806
1042,1295.9967
1043,612.5846
1045,20316.162
1046,1779.443
1048,1321.5554
1050,3142.9802
1052,1794.0537
1055,652.7541
1056,3142.9802
1057,20346.494
1058,1794.0537
1060,1351.8871
1061,652.7541
1062,3142.9802
1063,20346.494
1065,670.49756
1068,3123.3691
1069,20326.883
1070,1774.4425
1071,650.8863
1072,1332.2759
1073,633.1428
1074,3123.3691
1076,1774.4425
1078,1332.2759
1080,3092.675
1081,20296.19
1082,1743.7484
1083,620.19214
1084,1301.5818
1086,3092.675
1087,20296.19
1089,620.19214
1090,1301.5818
1091,602.44867
1095,620.19214
1096,1301.5818
1097,602.44867
1099,20296.19
1101,620.19214
1102,1301.5818
1103,602.44867
1104,3083.4636
1106,1734.5371
1107,610.98083
1108,1292.3705
1109,593.23737
1110,3083.4636
1111,20286.979
1113,610.98083
1114,1292.3705
1115,593.23737
1116,3083.4636
1117,20286.979
1118,1734.5371
1119,610.98083
1121,593.23737
1122,3083.4636
1125,610.98083
1126,1292.3705
1127,593.23737
1129,20163.393
1131,487.3947
1134,2959.8777
1135,20163.393
1137,487.3947
1138,1168.7843
1139,469.65128
1142,1651.4246
1143,547.8321
1145,530.08856
1146,3000.351
1147,20509.793
1148,1651.4246
1149,547.8321
1150,1235.1526
1151,530.08856
1152,3061.085
1153,20570.525
1154,1712.1584
1155,608.566
1157,590.82245
1158,2911.053
1159,20389.152
1160,1562.1271
1161,458.53442
1164,3094.34
1165,21126.055
1167,579.2932
1169,561.54974
1172,1823.5244
1173,657.4032
1175,639.6597
1176,3172.4502
1177,21398.488
1178,1823.5244
1179,657.4032
1181,639.6597
1182,3174.493
1183,21206.207
1184,1825.5673
1185,659.44604
1186,1530.3873
1187,641.7026
1190,1761.857
1191,595.7359
1192,1466.6771
1193,577.99243
1194,3137.7703
1196,1788.8447
1198,1493.6648
1199,604.9801
1200,3137.7703
1201,21169.486
1202,1788.8447
1203,622.7236
1205,604.9801
1206,3137.7703
1208,1788.8447
1209,622.7236
1210,1493.6648
1211,604.9801
1212,3102.0698
1213,21058.459
1214,1753.1443
1215,587.023
1216,1382.6372
1217,569.27954
1218,3102.0698
1219,21058.459
1220,1753.1443
1222,1382.6372
1223,569.27954
1225,21058.459
1226,1753.1443
1227,587.023
1228,1382.6372
1229,569.27954
1230,3060.4087
1232,1711.4835
1234,1345.0273
1235,527.6185
1236,2821.35
1237,20493.219
1240,1114.1772
1241,396.3431
1242,2827.5469
1243,20271.41
1244,1478.6213
1245,420.2834
1248,2560.4338
1249,18612.432
1250,1211.5077
1251,501.2137
1254,1743.0093
1255,1743.0093
1256,12841.099
1258,412.39053
1259,412.39053
1261,-401.45297
1262,330.0125
1264,-401.45297
1268,1241.0688
1269,456.76935
1270,-265.1184
1271,439.02594
1272,2589.9949
1273,17853.922
1274,1152.8608
1275,445.4126
1276,-265.1184
1278,2978.5637
1279,19574.23
1280,1541.4299
1281,660.71533
1282,807.846
1283,554.76385
1284,2900.7898
1286,1463.6561
1287,582.9415
1288,877.2016
1289,476.99008
1290,2905.627
1291,19881.426
1292,1468.4933
1295,455.57272
1298,1470.1951
1299,543.275
1300,839.77673
1301,437.32352
1302,2907.3286
1304,1470.1951
1305,543.275
1307,437.32352
1309,20050.66
1310,1470.1951
1313,437.32352
1314,2994.4546
1316,1557.3206
1317,579.44183
1318,875.94403
1319,473.4905
1320,2994.4546
1321,20418.105
1322,1557.3206
1323,579.44183
1325,473.4905
1327,20418.105
1329,579.44183
1330,875.94403
1331,473.4905
1332,2994.4546
1333,20418.105
1334,1557.3206
1335,579.44183
1336,875.94403
1339,20418.105
1340,1557.3206
1341,579.44183
1345,20515.938
1346,1557.3206
1347,579.44183
1349,473.4905
1350,3058.933
1351,20863.105
1352,1621.7987
1353,575.0939
1354,1252.1191
1355,469.14252
1356,3102.8105
1357,20906.982
1358,1665.6763
1359,618.9714
1360,1295.9967
1361,513.0199
1362,3102.8105
1365,618.9714
1366,1295.9967
1367,513.0199
1368,3128.3691
1369,20932.541
1370,1691.235
1371,644.5301
1372,1321.5554
1373,538.5786
1376,1705.8457
1377,659.14087
1379,553.1894
1380,3142.9802
1382,1705.8457
1383,659.14087
1384,1351.8871
1385,553.1894
1388,1705.8457
1391,553.1894
1392,3123.3691
1393,20943.262
1395,639.5296
1396,1332.2759
1397,533.5781
1399,20943.262
1400,1686.2345
1401,639.5296
1404,3092.675
1405,20912.568
1406,1655.5404
1407,608.83545
1408,1301.5818
1409,502.8841
1410,3092.675
1411,20912.568
1413,608.83545
1415,502.8841
1416,3092.675
1418,1655.5404
1420,1301.5818
1424,1655.5404
1425,608.83545
1426,1301.5818
1428,3083.4636
1429,20903.357
1430,1646.3291
1433,493.67273
1434,3083.4636
1435,20903.357
1436,1646.3291
1437,599.62415
1438,1292.3705
1439,493.67273
1440,3083.4636
1441,20903.357
1442,1646.3291
1443,599.62415
1444,1292.3705
1445,493.67273
1446,3083.4636
1447,20903.357
1448,1646.3291
1449,599.62415
1450,1292.3705
1451,493.67273
1452,2959.8777
1453,20779.771
1454,1522.7429
1455,476.0381
1458,2959.8777
1462,1168.7843
1463,370.08658
1464,3000.351
1465,21126.172
1468,1235.1526
1469,430.52393
1470,3000.351
1471,21126.172
1472,1563.2166
1473,536.4754
1475,430.52393
1476,3061.085
1477,21186.904
1478,1623.9504
1479,597.2093
1480,1295.8865
1482,2911.053
1483,21005.531
1484,1473.9191
1485,447.17773
1488,3094.34
1489,21742.434
1490,1657.2063
1491,567.9365
1494,3172.4502
1495,22014.867
1498,1722.6687
1499,540.09503
1501,22014.867
1502,1735.3164
1503,646.0465
1504,1722.6687
1505,540.09503
1506,3174.493
1507,21822.586
1508,1737.3593
1509,648.08936
1511,542.1379
1512,3110.7827
1513,21758.877
1515,584.3792
1516,1466.6771
1517,478.4277
1519,21785.865
1521,611.3669
1522,1493.6648
1523,505.4154
1524,3137.7703
1525,21785.865
1526,1700.6367
1527,611.3669
1528,1493.6648
1529,505.4154
1530,3137.7703
1531,21785.865
1532,1700.6367
1533,611.3669
1534,1493.6648
1535,505.4154
1536,3102.0698
1537,21674.838
1538,1664.9363
1539,575.6663
1540,1382.6372
1541,469.7148
1542,3102.0698
1543,21674.838
1544,1664.9363
1545,575.6663
1546,1382.6372
1547,469.7148
1549,21674.838
1550,1664.9363
1551,575.6663
1552,1382.6372
1553,469.7148
1554,3060.4087
1555,21448.229
1556,1623.2755
1557,534.00525
1558,1345.0273
1560,2821.35
1561,21109.598
1563,402.72986
1564,1114.1772
1565,296.77847
1567,20887.79
1569,408.9267
1570,1114.5457
1571,302.9753
1572,2560.4338
1573,19228.81
1577,383.90555
1578,1743.0093
1580,13457.478
1582,324.18246
1584,318.09106
1585,-401.45297
1586,230.44795
1590,2589.9949
1591,19109.03
1592,1152.8608
1593,445.4126
1594,-391.305
1595,339.46118
1596,2978.5637
1597,20829.338
1598,1541.4299
1599,660.71533
1601,554.76385
1602,2900.7898
1603,20898.691
1604,1463.6561
1609,21136.533
1610,1468.4933
1611,561.52423
1612,729.598
1613,455.57272
1614,2907.3286
1616,1470.1951
1617,543.275
1619,437.32352
1622,1470.1951
1623,543.275
1624,713.5906
1625,437.32352
1627,21305.768
1628,1470.1951
1629,543.275
1631,437.32352
1632,2994.4546
1633,21673.213
1634,1557.3206
1635,579.44183
1636,749.75757
1638,2994.4546
1639,21673.213
1640,1557.3206
1641,579.44183
1643,473.4905
1644,2994.4546
1646,1557.3206
1647,579.44183
1649,473.4905
1650,2994.4546
1652,1557.3206
1653,579.44183
1655,473.4905
1656,2994.4546
1657,21673.213
1658,1557.3206
1659,579.44183
1660,749.75757
1661,473.4905
1662,2994.4546
1664,1557.3206
1665,579.44183
1667,473.4905
1668,3058.933
1669,22118.213
1671,575.0939
1673,469.14252
1674,3102.8105
1676,1665.6763
1678,1169.8102
1679,513.0199
1680,3102.8105
1682,1665.6763
1683,618.9714
1684,1169.8102
1686,3128.3691
1688,1691.235
1689,644.5301
1690,1195.3689
1691,538.5786
1695,659.14087
1696,1225.7006
1699,22217.98
1700,1705.8457
1701,659.14087
1702,1225.7006
1705,22217.98
1707,659.14087
1708,1225.7006
1709,553.1894
1710,3123.3691
1714,1206.0894
1717,22198.37
1718,1686.2345
1720,1206.0894
1721,533.5781
1722,3092.675
1723,22167.676
1726,1175.3953
1727,502.8841
1728,3092.675
1730,1655.5404
1731,608.83545
1732,1175.3953
1733,502.8841
1734,3092.675
1735,22167.676
1736,1655.5404
1737,608.83545
1738,1175.3953
1740,3092.675
1741,22167.676
1742,1655.5404
1744,1175.3953
1745,502.8841
1746,3083.4636
1747,22158.465
1748,1646.3291
1749,599.62415
1750,1166.184
1751,493.67273
1752,3083.4636
1753,22158.465
1754,1646.3291
1755,599.62415
1756,1166.184
1757,493.67273
1758,3083.4636
1759,22158.465
1760,1646.3291
1762,1166.184
1763,493.67273
1764,3083.4636
1766,1646.3291
1767,599.62415
1768,1166.184
1769,493.67273
1770,2959.8777
1771,22034.879
1772,1522.7429
1773,476.0381
1774,1042.5979
1776,2959.8777
1779,476.0381
1781,370.08658
1783,22381.28
1785,536.4754
1786,1108.9661
1787,430.52393
1788,3000.351
1789,22381.28
1790,1563.2166
1793,430.52393
1796,1623.9504
1798,1169.7
1799,491.25778
1800,2911.053
1801,22260.639
1802,1473.9191
1803,447.17773
1804,988.32745
1805,341.2263
1806,3094.34
1807,22997.541
1809,567.9365
1810,1324.0479
1815,646.0465
1817,540.09503
1818,3172.4502
1819,23269.975
1820,1735.3164
1821,646.0465
1822,1596.4822
1823,540.09503
1824,3174.493
1825,23077.693
1826,1737.3593
1829,542.1379
1831,23013.984
1832,1673.649
1833,584.3792
1834,1340.4906
1836,3137.7703
1837,23040.973
1838,1700.6367
1839,611.3669
1840,1367.4783
1841,505.4154
1842,3137.7703
1843,23040.973
1844,1700.6367
1845,611.3669
1846,1367.4783
1848,3137.7703
1849,23040.973
1851,611.3669
1852,1367.4783
1853,505.4154
1854,3102.0698
1855,22929.945
1856,1664.9363
1857,575.6663
1858,1256.4507
1860,3102.0698
1861,22929.945
1862,1664.9363
1864,1256.4507
1865,469.7148
1867,22929.945
1871,469.7148
1874,1623.2755
1875,534.00525
1880,1384.2164
1881,402.72986
1882,987.991
1883,296.77847
1884,2827.5469
1885,22142.898
1886,1390.4133
1887,408.9267
1889,302.9753
1890,2560.4338
1891,20483.916
1892,1123.2997
1894,818.20245
1895,383.90555
1896,1743.0093
1898,14712.59
1900,324.18246
1902,318.09106
1903,-527.63934
1904,230.44795
1908,2561.8489
1909,20056.266
1910,1124.7148
1911,445.4126
1912,-504.30798
1913,339.46118
1914,2950.4177
1915,21776.574
1916,1513.2839
1917,660.71533
1919,554.76385
1920,2872.6438
1921,21845.928
1926,2877.481
1927,22083.77
1928,1440.3473
1929,561.52423
1930,616.59534
1932,2879.1826
1933,22253.004
1935,543.275
1936,600.58777
1939,22253.004
1941,543.275
1942,600.58777
1943,437.32352
1944,2879.1826
1945,22253.004
1946,1442.0491
1947,543.275
1950,2966.3086
1952,1529.1746
1953,579.44183
1954,636.75464
1955,473.4905
1956,2966.3086
1957,22620.45
1958,1529.1746
1959,579.44183
1961,473.4905
1962,2966.3086
1963,22620.45
1964,1529.1746
1965,579.44183
1966,636.75464
1967,473.4905
1968,2966.3086
1969,22620.45
1970,1529.1746
1971,579.44183
1972,636.75464
1974,2966.3086
1975,22620.45
1976,1529.1746
1978,636.75464
1980,2966.3086
1981,22718.281
1982,1529.1746
1983,579.44183
1984,734.58716
1985,473.4905
1987,23065.45
1989,575.0939
1990,1012.93005
1991,469.14252
1992,3074.6646
1994,1637.5303
1996,1056.8074
1997,513.0199
1999,23109.326
2000,1637.5303
2001,618.9714
2002,1056.8074
2004,3100.2231
2005,23134.885
2006,1663.089
2007,644.5301
2008,1082.366
2009,538.5786
2010,3114.8342
2011,23165.217
2012,1677.6997
2013,659.14087
2015,553.1894
2018,1677.6997
2020,1112.6976
2023,23165.217
2024,1677.6997
2025,659.14087
2026,1112.6976
2027,553.1894
2028,3095.2231
2029,23145.605
2030,1658.0885
2032,1093.0864
2033,533.5781
2034,3095.2231
2036,1658.0885
2037,639.5296
2038,1093.0864
2040,3064.529
2041,23114.912
2044,1062.3923
2045,502.8841
2046,3064.529
2047,23114.912
2049,608.83545
2051,502.8841
2053,23114.912
2054,1627.3944
2055,608.83545
2057,502.8841
2058,3064.529
2060,1627.3944
2061,608.83545
2062,1062.3923
2063,502.8841
2064,3055.3176
2065,23105.701
2066,1618.1831
2067,599.62415
2068,1053.181
2069,493.67273
2070,3055.3176
2071,23105.701
2072,1618.1831
2073,599.62415
2074,1053.181
2075,493.67273
2076,3055.3176
2077,23105.701
2078,1618.1831
2080,1053.181
2083,23105.701
2084,1618.1831
2087,493.67273
2088,2931.7317
2089,22982.115
2090,1494.5969
2091,476.0381
2092,929.5951
2093,370.08658
2094,2931.7317
2095,22982.115
2097,476.0381
2098,929.5951
2099,370.08658
2100,2955.0784
2102,1517.9437
2103,519.3485
2104,995.9635
2107,23328.516
2108,1517.9437
2109,519.3485
2110,995.9635
2111,413.3971
2112,3015.8123
2114,1578.6776
2115,580.0824
2117,474.13095
2119,23207.875
2120,1428.6462
2121,430.0509
2124,3049.0674
2125,23944.777
2126,1611.9335
2127,550.8097
2129,444.8582
2130,3127.1772
2131,24217.21
2132,1690.0436
2133,628.9197
2134,1483.4792
2135,522.96826
2137,24217.21
2138,1690.0436
2139,628.9197
2140,1483.4792
2141,522.96826
2142,3129.22
2144,1692.0864
2145,630.9625
2146,1291.1979
2148,3065.51
2149,23961.22
2150,1628.3762
2153,461.3009
2154,3092.4976
2155,23988.209
2156,1655.3639
2157,594.24005
2158,1254.4753
2159,488.2886
2160,3092.4976
2161,23988.209
2162,1655.3639
2163,594.24005
2164,1254.4753
2165,488.2886
2166,3092.4976
2167,23988.209
2168,1655.3639
2169,594.24005
2170,1254.4753
2171,488.2886
2173,23877.182
2174,1619.6635
2175,558.5395
2177,452.58804
2178,3056.797
2179,23877.182
2180,1619.6635
2181,558.5395
2182,1143.4478
2183,452.58804
2184,3056.797
2185,23877.182
2186,1619.6635
2187,558.5395
2188,1143.4478
2189,452.58804
2190,3015.136
2191,23650.572
2192,1578.0027
2193,516.8785
2194,1105.8379
2195,410.9271
2196,2776.0774
2197,23311.941
2199,385.6031
2200,874.9881
2201,279.65164
2202,2782.2742
2203,23090.133
2204,1345.1404
2205,391.79993
2207,285.84848
2210,1078.0267
2211,472.73016
2212,705.19977
2216,15659.824
2218,278.90964
2220,300.96417
2221,-640.6422
2226,2143.327
2227,20056.266
2228,686.6759
2229,408.9428
2230,-721.88293
2231,283.47354
2233,21776.574
2235,624.24536
2239,21845.928
2240,997.4708
2241,546.47156
2243,421.00244
2244,2458.959
2246,1002.308
2247,525.0543
2248,399.02026
2250,2460.6606
2252,1004.00977
2253,506.80515
2254,383.01282
2255,381.33588
2256,2460.6606
2257,22253.004
2258,1004.00977
2259,506.80515
2260,383.01282
2261,381.33588
2263,22253.004
2264,1004.00977
2265,506.80515
2266,383.01282
2268,2547.7866
2270,1091.1353
2271,542.97205
2272,419.1798
2274,2547.7866
2276,1091.1353
2277,542.97205
2278,419.1798
2280,2547.7866
2282,1091.1353
2285,417.50287
2286,2547.7866
2287,22620.45
2291,417.50287
2292,2547.7866
2293,22620.45
2295,542.97205
2296,419.1798
2301,542.97205
2302,517.0123
2305,23065.45
2306,1155.6134
2307,538.624
2308,795.3553
2310,2656.1426
2311,23109.326
2312,1199.491
2313,582.5016
2315,457.03238
2316,2656.1426
2317,23109.326
2319,582.5016
2321,457.03238
2322,2681.7012
2324,1225.0497
2328,2696.3123
2329,23165.217
2330,1239.6604
2331,622.6711
2332,895.1231
2333,497.20172
2334,2696.3123
2335,23165.217
2336,1239.6604
2339,497.20172
2340,2696.3123
2341,23165.217
2342,1239.6604
2343,622.6711
2344,895.1231
2345,497.20172
2346,2676.7012
2347,23145.605
2348,1220.0492
2349,603.0598
2350,875.51184
2351,477.5906
2352,2676.7012
2353,23145.605
2354,1220.0492
2356,875.51184
2357,477.5906
2358,2646.007
2361,572.36566
2362,844.81775
2365,23114.912
2366,1189.3551
2367,572.36566
2368,844.81775
2369,446.89645
2370,2646.007
2371,23114.912
2373,572.36566
2374,844.81775
2377,23114.912
2378,1189.3551
2379,572.36566
2380,844.81775
2381,446.89645
2382,2636.7957
2383,23105.701
2384,1180.1438
2385,563.15436
2386,835.60645
2387,437.68512
2388,2636.7957
2389,23105.701
2391,563.15436
2393,437.68512
2394,2636.7957
2395,23105.701
2396,1180.1438
2397,563.15436
2398,835.60645
2399,437.68512
2403,563.15436
2406,2513.2097
2407,22982.115
2408,1056.5576
2410,712.02026
2411,314.099
2412,2513.2097
2413,22982.115
2414,1056.5576
2415,439.56827
2416,712.02026
2417,314.099
2419,23328.516
2420,1079.9044
2421,482.87878
2422,778.3886
2423,357.40952
2424,2536.5564
2426,1079.9044
2427,482.87878
2428,778.3886
2432,1140.6383
2433,543.6126
2437,23207.875
2438,990.607
2440,657.7496
2441,268.11188
2442,2630.5454
2444,1173.8942
2445,514.3399
2447,388.87064
2448,2708.6553
2449,24217.21
2451,592.4499
2452,1265.9043
2453,466.98074
2454,2708.6553
2455,24217.21
2456,1252.0043
2458,1265.9043
2459,466.98074
2461,24024.93
2462,1254.0471
2463,594.49274
2465,469.02356
2466,2646.988
2467,23961.22
2468,1190.3369
2470,1009.9129
2471,405.3134
2472,2673.9756
2473,23988.209
2474,1217.3246
2476,1036.9005
2477,432.3011
2478,2673.9756
2479,23988.209
2480,1217.3246
2481,557.77026
2482,1036.9005
2483,432.3011
2484,2673.9756
2486,1217.3246
2489,432.3011
2490,2638.2751
2491,23877.182
2492,1181.6241
2493,522.0697
2494,925.8731
2495,396.60052
2496,2638.2751
2497,23877.182
2498,1181.6241
2499,522.0697
2502,2638.2751
2503,23877.182
2504,1181.6241
2505,522.0697
2506,925.8731
2507,396.60052
2508,2596.614
2510,1139.9634
2512,888.26324
2513,354.93958
2515,23311.941
2516,900.904
2517,349.13333
2518,657.41327
2520,2363.7522
2521,23090.133
2522,907.1009
2525,229.86092
2526,2096.6392
2527,21431.154
2528,639.9874
2530,487.62494
2531,310.79114
2536,-145.17241
2538,278.45166
2539,-858.21716
2540,171.29063
2544,2262.8765
2546,782.75305
2547,502.77472
2548,195.24605
2549,353.83328
2551,21845.928
2553,425.00092
2555,276.0595
2557,22083.77
2558,709.81647
2560,243.18451
2563,22253.004
2564,711.5182
2567,236.39296
2568,2191.6414
2570,711.5182
2573,236.39296
2574,2191.6414
2575,22253.004
2577,385.33435
2578,227.17705
2579,236.39296
2580,2278.7673
2581,22620.45
2582,798.64386
2583,421.50134
2584,263.34402
2585,272.5599
2587,22620.45
2588,798.64386
2589,421.50134
2590,263.34402
2591,272.5599
2592,2278.7673
2594,798.64386
2597,272.5599
2600,798.64386
2601,421.50134
2602,263.34402
2603,272.5599
2605,22620.45
2606,798.64386
2608,263.34402
2609,272.5599
2610,2278.7673
2611,22718.281
2612,798.64386
2614,361.17657
2615,272.5599
2616,2343.2458
2619,417.1533
2620,639.5195
2621,268.2119
2622,2387.1233
2623,23109.326
2624,906.99976
2625,461.03085
2628,2387.1233
2631,461.03085
2632,683.3969
2634,2412.682
2635,23134.885
2636,932.5584
2638,708.9556
2641,23165.217
2642,947.1691
2643,501.2003
2644,739.2873
2645,352.25885
2646,2427.293
2648,947.1691
2649,501.2003
2650,739.2873
2651,352.25885
2653,23165.217
2654,947.1691
2656,739.2873
2657,352.25885
2658,2407.682
2659,23145.605
2661,481.58908
2663,332.64764
2664,2407.682
2665,23145.605
2667,481.58908
2669,332.64764
2671,23114.912
2674,688.98193
2676,2376.9878
2677,23114.912
2678,896.86383
2680,688.98193
2681,301.9535
2682,2376.9878
2683,23114.912
2684,896.86383
2685,450.89493
2688,2376.9878
2690,896.86383
2692,688.98193
2693,301.9535
2695,23105.701
2696,887.6525
2697,441.6836
2698,679.7706
2699,292.74216
2700,2367.7764
2701,23105.701
2702,887.6525
2704,679.7706
2705,292.74216
2706,2367.7764
2707,23105.701
2708,887.6525
2709,441.6836
2710,679.7706
2711,292.74216
2713,23105.701
2714,887.6525
2715,441.6836
2717,292.74216
2719,22982.115
2720,764.06635
2721,318.0974
2722,556.18445
2725,22982.115
2727,318.0974
2728,556.18445
2729,169.15598
2730,2285.469
2731,23328.516
2733,379.3399
2734,622.5528
2735,230.39848
2738,805.345
2739,379.3399
2740,622.5528
2741,230.39848
2742,2346.203
2743,23389.248
2744,866.0788
2745,440.07376
2746,683.2866
2747,291.13232
2748,2196.171
2749,23207.875
2750,716.04736
2754,2398.154
2756,918.0304
2758,837.6347
2760,2476.2642
2762,996.14056
2764,1110.0687
2765,358.66577
2766,2476.2642
2767,24217.21
2769,507.60724
2770,1110.0687
2771,358.66577
2773,24024.93
2774,998.1834
2775,509.65012
2776,917.7875
2778,2414.5967
2779,23961.22
2780,934.4732
2782,854.07733
2783,296.99844
2785,23988.209
2786,961.4609
2787,472.92764
2790,2441.5842
2792,961.4609
2793,472.92764
2794,881.065
2796,2441.5842
2797,23988.209
2798,961.4609
2799,472.92764
2800,881.065
2801,323.98615
2803,23877.182
2804,925.7604
2805,437.22708
2806,770.0373
2807,288.28558
2808,2405.8838
2809,23877.182
2811,437.22708
2812,770.0373
2813,288.28558
2814,2405.8838
2816,925.7604
2817,437.22708
2818,770.0373
2819,288.28558
2821,23650.572
2822,884.09955
2823,395.56613
2824,732.4274
2825,246.62465
2826,2125.164
2827,23311.941
2830,501.57733
2833,23090.133
2834,666.02435
2836,501.94574
2837,136.33316
2838,1879.0353
2839,21431.154
2840,398.9109
2845,15659.824
2846,-370.31516
2849,93.69677
2850,1091.5009
2851,15659.824
2853,224.3299
2854,-1014.0532
2855,93.69677
2856,1874.3074
2857,20056.266
2858,394.18408
2859,287.47205
2861,138.53061
2862,1849.5859
2863,20056.266
2864,369.46277
2865,208.05188
2866,-935.9328
2867,59.110588
2869,21776.574
2870,758.03174
2871,423.35455
2872,137.03207
2876,680.25793
2877,345.58078
2878,206.38783
2880,2165.2183
2881,22083.77
2882,685.09515
2884,184.9705
2885,175.22212
2886,2166.92
2887,22253.004
2888,686.7969
2890,168.96303
2891,156.97292
2893,22253.004
2894,686.7969
2898,2166.92
2899,22253.004
2902,168.96303
2904,2229.9907
2905,22596.395
2906,749.8673
2907,318.02597
2909,169.08467
2910,2229.9907
2911,22596.395
2912,749.8673
2913,318.02597
2914,181.0748
2915,169.08467
2916,2229.9907
2917,22596.395
2918,749.8673
2919,318.02597
2920,181.0748
2921,169.08467
2922,2229.9907
2924,749.8673
2926,181.0748
2927,169.08467
2929,22596.395
2930,749.8673
2932,181.0748
2936,817.8324
2937,335.9484
2939,187.00713
2940,2294.4692
2942,814.3456
2943,313.6779
2945,164.73659
2946,2338.3467
2947,23085.271
2949,357.5555
2950,601.1277
2952,2338.3467
2953,23085.271
2954,858.2232
2955,357.5555
2956,601.1277
2957,208.61412
2958,2363.9053
2959,23110.83
2961,383.11423
2964,2378.5164
2965,23141.162
2966,898.39276
2967,397.72495
2969,248.78358
2971,23141.162
2972,898.39276
2974,657.01807
2975,248.78358
2976,2378.5164
2977,23141.162
2978,898.39276
2979,397.72495
2980,657.01807
2982,2358.9053
2983,23121.55
2984,878.7815
2985,378.11374
2986,637.4068
2988,2358.9053
2989,23121.55
2992,637.4068
2993,229.17235
2994,2328.2112
2995,23090.857
2997,347.4196
2999,198.47816
3000,2328.2112
3001,23090.857
3002,848.0873
3003,347.4196
3004,606.7127
3005,198.47816
3006,2328.2112
3007,23090.857
3008,848.0873
3009,347.4196
3010,606.7127
3011,198.47816
3012,2318.9998
3013,23081.646
3014,838.876
3015,338.20825
3016,597.5014
3017,189.26685
3019,23081.646
3021,338.20825
3022,597.5014
3024,2318.9998
3025,23081.646
3027,338.20825
3028,597.5014
3029,189.26685
3030,2318.9998
3031,23081.646
3032,838.876
3033,338.20825
3035,189.26685
3036,2318.9998
3037,23081.646
3038,838.876
3040,597.5014
3041,189.26685
3042,2195.4138
3045,214.6221
3046,473.9152
3047,65.68076
3048,2195.4138
3050,715.2898
3051,214.6221
3053,65.68076
3054,2236.6924
3055,23304.46
3056,756.5684
3057,275.8646
3059,126.92324
3061,23304.46
3062,756.5684
3063,275.8646
3065,126.92324
3066,2278.362
3067,23346.129
3068,798.23834
3069,317.53445
3070,581.9535
3071,168.59308
3072,2147.3943
3074,667.2708
3075,186.56694
3076,419.64444
3077,37.625576
3079,23920.723
3080,869.2541
3081,326.02182
3082,755.3655
3083,177.08052
3084,2427.4873
3085,24193.156
3087,404.13187
3088,1027.7997
3089,255.19044
3090,2427.4873
3092,947.3639
3093,404.13187
3094,1027.7997
3095,255.19044
3096,2429.53
3098,949.40674
3099,406.17468
3100,835.51825
3101,257.23328
3102,2365.82
3104,885.6966
3105,342.46454
3106,771.8081
3107,193.52316
3109,23964.154
3110,912.68427
3111,369.45224
3112,798.7958
3113,220.51085
3114,2392.8076
3115,23964.154
3117,369.45224
3119,220.51085
3120,2392.8076
3121,23964.154
3122,912.68427
3123,369.45224
3125,220.51085
3126,2357.1072
3127,23853.127
3128,876.98376
3129,333.75168
3130,687.76807
3131,184.81029
3133,23853.127
3134,876.98376
3135,333.75168
3136,687.76807
3137,184.81029
3138,2357.1072
3139,23853.127
3140,876.98376
3141,333.75168
3145,23335.578
3146,614.931
3147,179.48242
3148,466.99783
3149,30.541103
3150,2076.3875
3151,23287.887
3152,596.2638
3153,160.81525
3154,419.30814
3155,11.873845
3157,23066.078
3158,617.2478
3160,419.67654
3161,32.857876
3162,1830.2585
3163,21407.1
3164,350.13428
3165,262.72946
3166,249.5198
3167,113.788216
3168,1042.7242
3169,15635.769
3171,120.85458
3172,-1096.3229
3173,-9.778527
3175,23868.834
3176,369.46277
3177,208.05188
3179,59.110588
3181,25589.143
3182,758.03174
3183,423.35455
3184,137.03207
3185,274.41318
3186,2160.381
3188,680.25793
3189,345.58078
3190,206.38783
3191,196.63945
3192,2165.2183
3193,25896.338
3194,685.09515
3195,324.16342
3196,184.9705
3197,175.22212
3198,2166.92
3199,26065.572
3200,686.7969
3201,305.9142
3203,156.97292
3204,2166.92
3205,26065.572
3206,686.7969
3207,305.9142
3208,168.96303
3209,156.97292
3210,2166.92
3212,686.7969
3213,305.9142
3214,168.96303
3215,156.97292
3216,2229.9907
3217,26408.963
3218,749.8673
3219,318.02597
3221,169.08467
3222,2229.9907
3223,26408.963
3224,749.8673
3225,318.02597
3227,169.08467
3229,26408.963
3230,749.8673
3231,318.02597
3232,181.0748
3236,749.8673
3237,318.02597
3239,169.08467
3241,26408.963
3242,749.8673
3243,318.02597
3244,181.0748
3245,169.08467
3246,2229.9907
3247,26506.795
3248,749.8673
3249,318.02597
3250,278.90735
3251,169.08467
3253,26871.191
3254,831.57324
3255,330.90555
3256,574.4779
3258,2355.5742
3259,26915.068
3260,875.45087
3261,374.78317
3264,2355.5742
3265,26915.068
3268,618.35535
3271,26940.627
3272,901.0096
3273,400.3419
3274,643.91406
3275,251.40053
3276,2395.744
3277,26970.959
3279,414.9526
3281,266.01123
3284,915.6204
3285,414.9526
3287,266.01123
3288,2395.744
3289,26970.959
3292,674.2457
3293,266.01123
3294,2376.1328
3297,395.3414
3298,654.63446
3299,246.40004
3300,2376.1328
3301,26951.348
3302,896.00916
3304,654.63446
3305,246.40004
3306,2345.4387
3307,26920.654
3308,865.31494
3309,364.64725
3311,215.70583
3312,2345.4387
3314,865.31494
3315,364.64725
3317,215.70583
3318,2345.4387
3319,26920.654
3320,865.31494
3321,364.64725
3322,623.94037
3323,215.70583
3325,26920.654
3326,865.31494
3328,623.94037
3329,215.70583
3331,26911.443
3333,355.4359
3334,614.72906
3335,206.4945
3336,2336.2273
3337,26911.443
3338,856.10364
3339,355.4359
3340,614.72906
3341,206.4945
3342,2336.2273
3343,26911.443
3345,355.4359
3346,614.72906
3349,26911.443
3350,856.10364
3351,355.4359
3353,206.4945
3354,2212.6414
3355,26787.857
3356,732.51746
3357,231.84976
3358,491.14285
3359,82.908424
3361,26787.857
3365,82.908424
3366,2253.92
3367,27134.258
3368,773.7961
3369,293.09225
3370,557.5112
3371,144.1509
3374,773.7961
3375,293.09225
3377,144.1509
3378,2295.5896
3380,815.466
3381,334.76212
3382,599.18115
3383,185.82074
3384,2164.6218
3385,27013.617
3386,684.4985
3387,203.7946
3389,54.853245
3390,2366.605
3391,27750.52
3392,886.48175
3393,343.24948
3394,772.59314
3395,194.30818
3396,2444.7148
3397,28022.953
3398,964.59155
3399,421.35953
3401,272.41815
3402,2444.7148
3403,28022.953
3404,964.59155
3405,421.35953
3407,272.41815
3409,27830.672
3410,966.6344
3412,852.7459
3413,274.46097
3416,902.92426
3417,359.6922
3418,789.03577
3419,210.75085
3420,2410.0352
3422,929.9119
3423,386.6799
3424,816.02344
3425,237.73854
3427,27793.951
3428,929.9119
3429,386.6799
3430,816.02344
3432,2410.0352
3433,27793.951
3434,929.9119
3435,386.6799
3436,816.02344
3437,237.73854
3438,2374.3347
3439,27682.924
3440,894.2114
3441,350.97934
3442,704.9957
3443,202.03798
3444,2374.3347
3445,27682.924
3446,894.2114
3447,350.97934
3448,704.9957
3451,27682.924
3452,894.2114
3454,704.9957
3455,202.03798
3456,2112.282
3457,27165.373
3458,632.1587
3459,196.71008
3460,484.22546
3461,47.768764
3463,27117.686
3465,178.04291
3466,436.5358
3468,2114.599
3469,26895.877
3470,634.47546
3471,199.02692
3475,25236.895
3476,367.36194
3479,131.01587
3480,1059.9519
3481,19465.57
3482,-401.86414
3483,138.08224
3485,7.449136
3486,1843.8096
3487,26905.686
3488,363.68622
3490,-863.1495
3491,78.62368
3492,2232.3787
3494,752.2551
3496,209.81538
3497,293.92627
3501,365.09384
3504,2159.442
3505,28933.19
3507,343.67648
3508,257.75388
3511,29102.424
3512,681.0203
3513,325.42722
3514,241.74646
3515,176.48598
3516,2161.1436
3517,29102.424
3519,325.42722
3520,241.74646
3522,2161.1436
3523,29102.424
3526,241.74646
3527,176.48598
3528,2286.5422
3531,353.4739
3532,269.79297
3533,204.53267
3534,2286.5422
3535,29508.143
3537,353.4739
3539,204.53267
3540,2286.5422
3542,806.4188
3543,353.4739
3544,269.79297
3547,29508.143
3548,806.4188
3549,353.4739
3550,269.79297
3551,204.53267
3552,2286.5422
3553,29508.143
3554,806.4188
3555,353.4739
3556,269.79297
3557,204.53267
3559,29508.143
3560,806.4188
3562,269.79297
3563,204.53267
3564,2368.2483
3565,29872.54
3567,366.35352
3568,565.3636
3570,2412.1257
3571,29916.416
3572,932.0024
3573,410.23114
3574,609.24115
3575,261.28976
3576,2412.1257
3577,29916.416
3579,410.23114
3580,609.24115
3582,2437.6843
3584,957.5611
3587,286.84848
3588,2452.2954
3589,29972.307
3590,972.1717
3591,450.40057
3592,665.13153
3594,2452.2954
3595,29972.307
3596,972.1717
3598,665.13153
3599,301.4592
3600,2452.2954
3602,972.1717
3603,450.40057
3604,665.13153
3607,29952.695
3608,952.56055
3610,645.52026
3611,281.848
3612,2432.6843
3613,29952.695
3614,952.56055
3615,430.78937
3616,645.52026
3617,281.848
3619,29922.002
3620,921.86646
3621,400.0952
3622,614.82605
3623,251.15385
3624,2401.9902
3625,29922.002
3626,921.86646
3627,400.0952
3628,614.82605
3629,251.15385
3630,2401.9902
3631,29922.002
3632,921.86646
3633,400.0952
3634,614.82605
3635,251.15385
3636,2401.9902
3637,29922.002
3640,614.82605
3641,251.15385
3642,2392.7788
3643,29912.791
3644,912.65515
3645,390.88388
3646,605.61475
3647,241.94252
3648,2392.7788
3649,29912.791
3652,605.61475
3653,241.94252
3654,2392.7788
3655,29912.791
3656,912.65515
3657,390.88388
3658,605.61475
3659,241.94252
3660,2392.7788
3661,29912.791
3662,912.65515
3664,605.61475
3665,241.94252
3668,789.069
3669,267.2976
3670,482.02853
3672,2269.1929
3673,29789.205
3674,789.069
3675,267.2976
3677,118.35629
3678,2310.4714
3679,30135.605
3680,830.3476
3682,548.3969
3685,30135.605
3686,830.3476
3687,328.54013
3689,179.59877
3690,2371.2053
3693,389.274
3694,609.13074
3696,2221.1733
3697,30014.965
3699,239.2425
3700,427.75784
3701,90.301125
3703,30751.867
3704,943.0331
3705,378.69742
3706,763.4788
3707,229.75606
3708,2501.2666
3709,31024.3
3710,1021.14294
3711,456.80746
3712,1035.913
3713,307.8661
3714,2501.2666
3716,1021.14294
3717,456.80746
3718,1035.913
3720,2503.3093
3721,30832.02
3724,843.6317
3725,309.9089
3726,2439.599
3727,30768.31
3728,959.47565
3730,779.9216
3732,2466.5867
3733,30795.299
3734,986.4633
3735,422.12784
3736,806.90924
3738,2466.5867
3739,30795.299
3741,422.12784
3742,806.90924
3745,30795.299
3746,986.4633
3747,422.12784
3748,806.90924
3749,273.18646
3751,30684.271
3752,950.76294
3754,695.88153
3755,237.48595
3757,30684.271
3758,950.76294
3759,386.4273
3761,237.48595
3765,386.4273
3766,695.88153
3767,237.48595
3768,2389.225
3770,909.1021
3771,344.76636
3772,658.27155
3774,2150.1665
3775,30119.033
3776,670.04297
3777,213.49088
3778,427.4216
3780,2171.1506
3781,29897.225
3782,691.027
3783,234.47491
3785,85.53355
3787,28238.242
3789,315.4051
3791,166.46378
3793,22466.918
3794,-345.3126
3798,1877.2856
3799,28878.664
3800,397.1624
3801,261.0413
3802,-863.1495
3805,30598.973
3806,785.7313
3807,476.34393
3809,327.4026
3810,2188.0808
3811,30668.326
3812,707.95764
3813,398.57013
3814,279.1712
3815,249.62888
3818,712.7948
3820,257.75388
3823,31075.402
3825,358.90353
3826,241.74646
3828,2194.6196
3829,31075.402
3830,714.4965
3831,358.90353
3833,209.9623
3836,714.4965
3837,358.90353
3838,241.74646
3840,2320.0183
3841,31481.121
3842,839.895
3843,386.95016
3844,269.79297
3845,238.0089
3846,2320.0183
3847,31481.121
3848,839.895
3849,386.95016
3852,2320.0183
3853,31481.121
3854,839.895
3857,238.0089
3858,2320.0183
3859,31481.121
3861,386.95016
3862,269.79297
3863,238.0089
3864,2320.0183
3865,31481.121
3866,839.895
3867,386.95016
3868,269.79297
3869,238.0089
3870,2320.0183
3873,386.95016
3874,269.79297
3875,238.0089
3876,2401.7244
3877,31845.518
3879,399.8297
3880,565.3636
3882,2445.6018
3883,31889.395
3885,443.7074
3887,294.76602
3888,2445.6018
3889,31889.395
3890,965.4784
3892,609.24115
3893,294.76602
3894,2471.1604
3896,991.0369
3898,634.79987
3900,2485.7715
3901,31945.285
3904,665.13153
3905,334.93546
3906,2485.7715
3907,31945.285
3908,1005.6474
3910,665.13153
3911,334.93546
3913,31945.285
3915,483.87683
3916,665.13153
3917,334.93546
3918,2466.1604
3919,31925.674
3921,464.26562
3922,645.52026
3923,315.32425
3924,2466.1604
3925,31925.674
3926,986.0364
3928,645.52026
3929,315.32425
3930,2435.4663
3933,433.57147
3934,614.82605
3936,2435.4663
3940,614.82605
3941,284.6301
3943,31894.98
3944,955.3424
3945,433.57147
3946,614.82605
3949,31894.98
3950,955.3424
3951,433.57147
3952,614.82605
3953,284.6301
3954,2426.255
3955,31885.77
3956,946.1311
3957,424.36014
3959,275.41876
3960,2426.255
3961,31885.77
3962,946.1311
3963,424.36014
3964,605.61475
3965,275.41876
3966,2426.255
3968,946.1311
3969,424.36014
3970,605.61475
3971,275.41876
3972,2426.255
3974,946.1311
3976,605.61475
3977,275.41876
3979,31762.184
3982,482.02853
3983,151.83252
3986,822.54517
3987,300.7739
3989,151.83252
3990,2343.9475
3992,863.8236
3993,362.0164
3994,548.3969
3995,213.075
3996,2343.9475
3997,32108.584
3999,362.0164
4000,548.3969
4002,2404.6814
4003,32169.316
4006,609.13074
4007,273.80884
4008,2254.6494
4009,31987.943
4010,774.526
4011,272.71878
4013,123.77736
4014,2456.6326
4015,32724.846
4017,412.17368
4018,763.4788
4019,263.2323
4020,2534.7427
4021,32997.277
4022,1054.619
4023,490.28375
4024,1035.913
4026,2534.7427
4027,32997.277
4028,1054.619
4029,490.28375
4030,1035.913
4031,341.34235
4032,2536.7854
4033,32804.996
4035,492.32657
4036,843.6317
4039,32741.29
4040,992.9517
4041,428.6164
4044,2500.0627
4046,1019.9394
4048,806.90924
4049,306.66272
4050,2500.0627
4051,32768.277
4052,1019.9394
4054,806.90924
4055,306.66272
4056,2500.0627
4057,32768.277
4058,1019.9394
4059,455.6041
4060,806.90924
4061,306.66272
4063,32657.25
4064,984.23883
4065,419.90356
4066,695.88153
4067,270.9622
4068,2464.3623
4069,32657.25
4070,984.23883
4071,419.90356
4073,270.9622
4074,2464.3623
4075,32657.25
4076,984.23883
4077,419.90356
4078,695.88153
4079,270.9622
4081,32430.64
4082,942.57825
4083,378.2426
4084,658.27155
4085,229.30125
4086,2183.6426
4087,32092.01
4088,703.5191
4089,246.96715
4090,427.4216
4091,98.02578
4092,2204.6267
4093,31870.201
4094,724.5031
4095,267.9511
4096,427.78995
4098,1937.514
4099,30211.223
4101,348.88135
4103,199.93997
4104,1149.9795
4105,24439.895
4106,-311.8364
4107,207.00638
4108,-1088.2091
4109,76.37339
4110,2279.278
4113,489.7674
4114,209.81538
4115,340.82602
4116,2201.5042
4117,32068.816
4120,279.1712
4121,263.05228
4123,32306.658
4124,726.21814
4126,257.75388
4128,2208.043
4129,32475.893
4133,223.3857
4134,2208.043
4136,727.91986
4137,372.32703
4138,241.74646
4139,223.3857
4141,32475.893
4142,727.91986
4143,372.32703
4144,241.74646
4145,223.3857
4147,32881.605
4148,853.31836
4149,400.37363
4151,251.4323
4152,2333.4417
4153,32881.605
4154,853.31836
4155,400.37363
4156,269.79297
4157,251.4323
4159,32881.605
4162,269.79297
4163,251.4323
4164,2333.4417
4165,32881.605
4166,853.31836
4168,269.79297
4169,251.4323
4171,32881.605
4172,853.31836
4173,400.37363
4174,269.79297
4175,251.4323
4176,2333.4417
4181,251.4323
4182,2415.1477
4183,33246.0
4184,935.02435
4185,413.25323
4187,264.31186
4188,2459.0251
4189,33289.875
4191,457.13086
4192,609.24115
4193,308.18942
4194,2459.0251
4195,33289.875
4196,978.9015
4197,457.13086
4198,609.24115
4199,308.18942
4202,1004.46014
4203,482.68958
4204,634.79987
4206,2499.1948
4207,33345.766
4208,1019.0707
4209,497.3003
4210,665.13153
4211,348.35886
4214,1019.0707
4215,497.3003
4216,665.13153
4218,2499.1948
4219,33345.766
4220,1019.0707
4221,497.3003
4222,665.13153
4223,348.35886
4224,2479.5837
4226,999.4596
4227,477.6891
4228,645.52026
4229,328.74765
4230,2479.5837
4231,33326.156
4232,999.4596
4233,477.6891
4234,645.52026
4235,328.74765
4237,33295.46
4238,968.7657
4240,614.82605
4241,298.0535
4243,33295.46
4244,968.7657
4245,446.99493
4246,614.82605
4248,2448.8896
4249,33295.46
4251,446.99493
4252,614.82605
4253,298.0535
4255,33295.46
4256,968.7657
4257,446.99493
4258,614.82605
4259,298.0535
4260,2439.6782
4261,33286.25
4264,605.61475
4267,33286.25
4268,959.5544
4269,437.7836
4270,605.61475
4271,288.84216
4272,2439.6782
4274,959.5544
4275,437.7836
4276,605.61475
4277,288.84216
4279,33286.25
4280,959.5544
4282,605.61475
4283,288.84216
4284,2316.0923
4285,33162.664
4286,835.9685
4287,314.19736
4288,482.02853
4289,165.25592
4291,33162.664
4292,835.9685
4293,314.19736
4294,482.02853
4295,165.25592
4296,2357.3708
4297,33509.062
4298,877.24695
4300,548.3969
4301,226.4984
4302,2357.3708
4303,33509.062
4304,877.24695
4305,375.43985
4307,226.4984
4308,2418.1047
4309,33569.797
4310,937.9808
4311,436.1737
4312,609.13074
4314,2268.0728
4316,787.94934
4317,286.1422
4319,137.20076
4321,34125.324
4322,989.9322
4323,425.59714
4327,34397.76
4329,503.70715
4330,1035.913
4331,354.76575
4333,34397.76
4335,503.70715
4336,1035.913
4337,354.76575
4338,2550.2087
4339,34205.48
4341,505.75
4343,356.80856
4344,2486.4985
4345,34141.77
4346,1006.3752
4349,293.09842
4350,2513.486
4351,34168.758
4352,1033.3628
4354,806.90924
4355,320.08612
4356,2513.486
4358,1033.3628
4359,469.02756
4360,806.90924
4361,320.08612
4362,2513.486
4363,34168.758
4364,1033.3628
4366,806.90924
4367,320.08612
4368,2413.41
4369,33993.355
4370,933.2865
4371,368.95114
4372,631.5056
4374,2413.41
4375,33993.355
4376,933.2865
4377,368.95114
4378,631.5056
4379,220.0097
4380,2413.41
4381,33993.355
4382,933.2865
4383,368.95114
4384,631.5056
4385,220.0097
4387,33766.75
4388,891.6258
4389,327.2902
4390,593.8956
4391,178.34877
4392,2132.6902
4393,33428.12
4394,652.5666
4395,196.01468
4396,363.04572
4398,2153.6743
4399,33206.312
4401,216.99869
4402,363.41406
4403,68.05729
4404,1886.5614
4405,31547.334
4406,406.4371
4407,297.92892
4409,148.98753
4410,1099.027
4411,25776.006
4412,-362.789
4413,156.05396
4414,-1152.585
4415,25.42089
4416,1890.709
4417,30279.152
4420,-863.1495
4421,125.52332
4422,2363.6394
4423,37995.69
4424,883.51587
4425,448.3896
4426,231.81706
4428,2285.8655
4429,38065.047
4430,805.7422
4431,370.61578
4432,301.17285
4433,221.67451
4434,2290.7026
4435,38302.887
4436,810.57935
4437,349.19843
4439,200.25719
4440,2292.4043
4442,812.28107
4443,330.94922
4444,263.74808
4446,2292.4043
4447,38472.12
4448,812.28107
4449,330.94922
4450,263.74808
4451,182.00795
4452,2292.4043
4453,38472.12
4455,330.94922
4456,263.74808
4459,38877.84
4460,937.67957
4461,358.99585
4463,210.05458
4464,2417.803
4465,38877.84
4466,937.67957
4467,358.99585
4468,291.79468
4469,210.05458
4471,38877.84
4474,291.79468
4475,210.05458
4476,2417.803
4478,937.67957
4479,358.99585
4481,210.05458
4482,2417.803
4483,38877.84
4484,937.67957
4486,291.79468
4487,210.05458
4488,2417.803
4489,38877.84
4491,358.99585
4493,210.05458
4494,2499.509
4495,39242.234
4496,1019.3849
4497,371.87546
4498,587.3653
4499,222.93407
4500,2543.3865
4501,39286.113
4502,1063.2623
4504,631.24274
4505,266.81165
4506,2543.3865
4507,39286.113
4509,415.75308
4512,2568.945
4513,39311.67
4514,1088.821
4515,441.3118
4516,656.80145
4517,292.37036
4518,2583.5562
4520,1103.4318
4521,455.92252
4522,687.1331
4523,306.98108
4525,39342.004
4527,455.92252
4529,306.98108
4530,2583.5562
4531,39342.004
4535,306.98108
4536,2563.945
4537,39322.395
4539,436.3113
4540,667.52185
4541,287.36987
4543,39322.395
4544,1083.8206
4545,436.3113
4546,667.52185
4547,287.36987
4548,2533.251
4549,39291.7
4550,1053.1265
4551,405.61716
4554,2533.251
4555,39291.7
4556,1053.1265
4557,405.61716
4558,636.82776
4559,256.67572
4560,2533.251
4561,39291.7
4562,1053.1265
4564,636.82776
4565,256.67572
4569,405.61716
4571,256.67572
4572,2524.0396
4573,39282.49
4577,247.4644
4578,2524.0396
4579,39282.49
4581,396.40582
4582,627.61646
4584,2524.0396
4586,1043.9152
4587,396.40582
4588,627.61646
4589,247.4644
4590,2524.0396
4591,39282.49
4592,1043.9152
4595,247.4644
4596,2400.4536
4597,39158.9
4598,920.3297
4599,272.8196
4600,504.03024
4603,39158.9
4605,272.8196
4606,504.03024
4608,2441.7322
4609,39505.3
4613,185.12071
4614,2441.7322
4615,39505.3
4616,961.60815
4618,570.3986
4619,185.12071
4620,2502.466
4623,394.796
4625,245.85457
4626,2352.434
4627,39384.66
4628,872.31055
4629,244.7645
4630,449.7595
4631,95.82305
4632,2554.4172
4633,40121.562
4634,1074.2936
4635,384.2194
4636,785.4805
4638,2632.5273
4639,40394.0
4640,1152.4037
4641,462.32944
4642,1057.9146
4643,313.388
4644,2632.5273
4645,40394.0
4646,1152.4037
4648,1057.9146
4649,313.388
4651,40201.72
4653,464.37225
4654,865.6333
4655,315.43082
4656,2570.8599
4657,40138.008
4658,1090.7363
4659,400.6621
4660,801.92316
4661,251.72069
4662,2597.8474
4663,40164.996
4665,427.6498
4666,828.9108
4667,278.70837
4668,2597.8474
4669,40164.996
4670,1117.724
4671,427.6498
4672,828.9108
4673,278.70837
4674,2597.8474
4675,40164.996
4677,427.6498
4678,828.9108
4680,2497.7712
4682,1017.6477
4683,327.57336
4685,178.63194
4686,2497.7712
4687,39989.594
4689,327.57336
4691,178.63194
4692,2497.7712
4693,39989.594
4694,1017.6477
4695,327.57336
4696,653.5072
4699,39762.99
4701,285.9124
4702,615.89734
4705,39424.36
4706,736.9278
4707,154.63695
4708,385.04724
4709,5.69555
4711,39202.55
4712,757.9118
4713,175.62096
4714,385.41565
4715,26.679573
4716,1970.9231
4717,37543.566
4718,490.7983
4719,256.55115
4720,215.25902
4721,107.60978
4723,1183.3881
4725,31772.242
4726,-278.4278
4727,-278.4278
4729,-1130.5833
4730,-15.956836
4731,114.67625
4733,-15.956836
4734,1934.3921
4737,244.62326
4739,95.68188
4740,2310.2856
4741,39083.324
4742,830.1619
4744,-686.6653
4745,271.7111
4746,2739.5327
4747,40856.227
4748,1259.4089
4749,624.41876
4751,475.47757
4753,40925.58
4756,456.03137
4757,397.70377
4758,2666.596
4759,41163.418
4760,1186.4723
4762,434.614
4763,376.2864
4764,2491.814
4765,41156.17
4767,330.49487
4768,242.12302
4769,181.55367
4772,1011.69055
4775,181.55367
4776,2491.814
4777,41156.17
4778,1011.69055
4779,330.49487
4780,242.12302
4781,181.55367
4782,2587.0632
4783,41531.742
4784,1106.9396
4785,328.39215
4786,240.0202
4788,2587.0632
4790,1106.9396
4791,328.39215
4792,240.0202
4793,179.45093
4794,2587.0632
4795,41531.742
4797,328.39215
4798,240.0202
4799,179.45093
4803,328.39215
4805,179.45093
4806,2587.0632
4809,328.39215
4810,240.0202
4812,2655.0283
4814,1174.9048
4815,346.31467
4816,282.72632
4818,2668.7693
4819,41896.137
4820,1188.6455
4821,341.27182
4822,535.5909
4825,41940.016
4827,385.14944
4829,236.20793
4831,41940.016
4832,1232.523
4833,385.14944
4834,579.4683
4835,236.20793
4836,2738.2053
4837,41965.574
4839,410.70816
4840,605.02704
4841,261.76672
4842,2752.8164
4843,41995.906
4844,1272.6924
4845,425.31888
4846,635.3587
4847,276.37744
4848,2752.8164
4849,41995.906
4850,1272.6924
4851,425.31888
4852,635.3587
4854,2752.8164
4855,41995.906
4856,1272.6924
4858,635.3587
4859,276.37744
4860,2733.2053
4862,1253.0812
4863,405.70767
4865,256.76624
4866,2733.2053
4867,41976.297
4868,1253.0812
4869,405.70767
4870,615.74744
4871,256.76624
4872,2702.5112
4873,41945.6
4875,375.01352
4876,585.05334
4877,226.07205
4878,2702.5112
4879,41945.6
4880,1222.3871
4881,375.01352
4883,226.07205
4884,2702.5112
4885,41945.6
4886,1222.3871
4887,375.01352
4888,585.05334
4889,226.07205
4890,2693.2998
4891,41936.39
4892,1213.1758
4893,365.8022
4894,575.84204
4895,216.86073
4896,2693.2998
4897,41936.39
4900,575.84204
4903,41936.39
4904,1213.1758
4906,575.84204
4907,216.86073
4908,2693.2998
4909,41936.39
4912,575.84204
4913,216.86073
4917,365.8022
4919,216.86073
4921,41812.8
4922,1089.5897
4923,242.21599
4925,93.274605
4926,2569.7139
4927,41812.8
4929,242.21599
4931,93.274605
4932,2610.9924
4933,42159.203
4934,1130.8684
4936,518.62415
4937,154.51706
4938,2610.9924
4939,42159.203
4941,303.45844
4942,518.62415
4943,154.51706
4946,1111.8044
4947,284.39444
4950,2522.2817
4951,42070.492
4952,1042.1581
4953,214.74806
4954,429.9136
4955,65.80666
4956,2724.265
4957,42807.395
4958,1244.1414
4959,354.20297
4960,765.6347
4961,205.26161
4962,2802.375
4963,43079.832
4964,1322.2515
4965,432.31302
4966,1038.0688
4967,283.37158
4968,2802.375
4969,43079.832
4970,1322.2515
4971,432.31302
4972,1038.0688
4975,42887.55
4976,1324.2943
4978,845.7875
4979,285.4144
4980,2740.7075
4981,42823.84
4982,1260.5841
4983,370.6457
4984,782.07733
4985,221.70427
4986,2767.695
4987,42850.83
4988,1287.5718
4989,397.6334
4991,248.69196
4992,2767.695
4993,42850.83
4994,1287.5718
4995,397.6334
4996,809.065
4997,248.69196
4998,2767.695
5000,1287.5718
5001,397.6334
5002,809.065
5003,248.69196
5004,2667.619
5007,297.55698
5008,633.6614
5009,148.61554
5011,42675.426
5013,297.55698
5014,633.6614
5015,148.61554
5016,2667.619
5017,42675.426
5018,1187.4955
5019,297.55698
5022,2405.5662
5023,42157.88
5025,143.28772
5026,412.8912
5027,-5.6536856
5028,2386.8992
5029,42110.19
5032,365.20148
5033,-24.320885
5034,2407.8833
5036,927.75964
5038,365.5699
5039,-3.3368638
5042,660.64594
5043,226.5347
5044,195.41312
5045,77.59342
5046,1352.2986
5047,34696.695
5048,-109.51719
5049,83.722755
5050,-911.8028
5051,-46.910404
5052,2133.9314
5053,39224.965
5054,653.8079
5055,198.77194
5056,-885.55914
5057,49.830666
5058,2563.1785
5059,40997.863
5060,1083.0549
5062,187.78165
5063,253.59702
5064,2485.4045
5065,41067.22
5066,1005.2811
5068,257.13745
5069,175.82323
5070,2490.2417
5071,41305.06
5072,1010.1183
5074,235.72011
5076,2423.0872
5077,41405.438
5080,150.85635
5082,2423.0872
5085,216.2417
5086,150.85635
5088,2423.0872
5092,150.85635
5094,2518.3364
5095,41781.008
5098,148.75359
5101,41781.008
5103,214.13898
5104,148.75359
5106,2518.3364
5107,41781.008
5109,214.13898
5110,148.75359
5112,2518.3364
5113,41781.008
5115,214.13898
5116,148.75359
5118,2518.3364
5121,214.13898
5122,148.75359
5125,41781.008
5128,148.75359
5130,2600.0425
5131,42145.402
5133,227.01848
5134,444.3242
5136,2643.92
5137,42189.28
5145,270.896
5148,2669.4785
5149,42214.84
5151,296.4547
5155,42245.17
5158,544.09204
5160,2684.0896
5161,42245.17
5163,311.06543
5164,544.09204
5166,2684.0896
5167,42245.17
5169,311.06543
5170,544.09204
5175,291.45422
5176,524.4807
5178,2664.4785
5179,42225.562
5181,291.45422
5182,524.4807
5187,260.76007
5188,493.78656
5193,260.76007
5195,111.81884
5196,2633.7844
5197,42194.867
5199,260.76007
5200,493.78656
5202,2633.7844
5203,42194.867
5206,493.78656
5208,2624.573
5209,42185.656
5211,251.54877
5212,484.57526
5214,2624.573
5215,42185.656
5217,251.54877
5218,484.57526
5221,42185.656
5223,251.54877
5224,484.57526
5226,2624.573
5227,42185.656
5232,2500.987
5233,42062.066
5236,360.98907
5238,2500.987
5239,42062.066
5241,127.96256
5242,360.98907
5244,2464.2766
5245,42330.48
5247,111.216064
5248,349.3684
5250,2464.2766
5251,42330.48
5253,111.216064
5254,349.3684
5257,42330.48
5260,349.3684
5263,42241.77
5265,22.505634
5271,213.56287
5272,647.98126
5274,2707.2612
5275,43302.71
5277,291.6729
5281,43302.71
5284,920.4154
5286,2709.304
5287,43110.43
5289,293.71573
5290,728.13403
5292,2645.594
5295,230.00558
5298,2672.5815
5301,256.9933
5305,43073.707
5307,256.9933
5308,691.41156
5311,43073.707
5313,256.9933
5314,691.41156
5316,2572.5054
5317,42898.305
5319,156.91682
5320,516.00793
5322,2572.5054
5323,42898.305
5325,156.91682
5328,2572.5054
5329,42898.305
5332,516.00793
5334,2530.8442
5335,42671.7
5337,115.25588
5338,478.39804
5340,2291.7856
5341,42333.07
5343,-16.019611
5344,247.54813
5346,2312.7698
5347,42111.26
5350,247.91653
5353,40452.277
5355,85.89474
5358,1505.0264
5359,35167.418
5362,-1041.0576
5365,45066.234
5367,112.33133
5370,3073.9404
5373,200.64261
5374,460.65594
5376,2996.1665
5377,46793.035
5379,122.86879
5380,530.0116
5383,47030.875
5386,553.8588
5388,2933.849
5389,47131.254
5394,2933.849
5395,47131.254
5397,59.610497
5400,2933.849
5403,59.610497
5404,468.99512
5406,3007.2944
5407,47485.02
5409,67.99654
5410,477.38113
5412,3007.2944
5413,47485.02
5416,477.38113
5419,47485.02
5425,47485.02
5430,3007.2944
5431,47485.02
5434,477.38113
5436,3007.2944
5437,47485.02
5439,67.99654
5440,477.38113
5442,3115.9243
5443,47876.336
5446,719.99854
5448,3115.9243
5449,47876.336
5451,27.922901
5452,719.99854
5454,3115.9243
5455,47876.336
5458,719.99854
5460,3141.483
5463,53.481625
5464,745.55725
5466,3156.094
5469,68.09239
5470,775.8889
5473,47932.227
5474,1694.2783
5475,68.09239
5476,775.8889
5478,3156.094
5479,47932.227
5481,68.09239
5482,775.8889
5485,47798.176
5486,1560.2247
5488,641.83527
5490,3022.0405
5491,47798.176
5497,47798.176
5498,1560.2247
5499,-65.961235
5500,641.83527
5502,3022.0405
5503,47798.176
5506,641.83527
5508,3022.0405
5509,47798.176
5511,-65.961235
5512,641.83527
5514,3022.0405
5515,47798.176
5518,641.83527
5520,3054.8538
5521,47830.992
5523,-33.1479
5524,674.6486
5526,3054.8538
5527,47830.992
5529,-33.1479
5530,674.6486
5532,3054.8538
5533,47830.992
5535,-33.1479
5536,674.6486
5541,-33.1479
5544,2931.2678
5545,47707.402
5550,2999.5413
5551,47775.676
5554,619.33563
5556,3136.523
5557,48380.746
5559,68.484695
5560,944.37177
5562,3136.523
5563,48380.746
5565,68.484695
5566,944.37177
5568,3212.3523
5569,48456.574
5571,144.314
5574,3142.7058
5577,74.66759
5578,950.5545
5580,3520.3662
5581,49299.508
5586,3570.7593
5587,49544.227
5590,1706.6693
5593,49544.227
5596,1706.6693
5599,49351.945
5601,442.2355
5604,3509.0918
5605,49288.234
5607,378.52536
5608,1450.6777
5610,3536.0793
5614,1477.6654
5616,3536.0793
5617,49315.223
5619,405.51306
5622,3536.0793
5623,49315.223
5625,405.51306
5626,1477.6654
5628,3436.0032
5631,305.4366
5632,1302.2621
5634,3436.0032
5635,49139.82
5638,1302.2621
5640,3436.0032
5641,49139.82
5644,1302.2621
5646,3394.342
5647,48913.215
5649,263.77567
5650,1264.6521
5652,3303.1309
5653,48722.434
5655,172.56424
5658,3285.045
5659,48500.625
5661,154.47833
5662,1074.2346
5667,259.9029
5668,1135.6152
5670,2748.4258
5671,43109.47
5673,123.0279
5676,3029.0752
5677,46665.938
5680,415.1847
5682,3338.6543
5683,48268.055
5686,1317.7439
5690,1996.6425
5691,-94.25481
5692,1387.0996
5694,3265.7175
5697,-70.40757
5698,1410.9468
5700,3450.5798
5701,48927.645
5703,94.503845
5704,1578.1
5707,48675.63
5709,-157.51308
5712,3198.563
5713,48675.63
5715,-157.51308
5716,1326.083
5718,3245.2947
5719,49002.68
5722,1307.7555
5724,3245.2947
5725,49002.68
5727,-175.84055
5728,1307.7555
5730,3245.2947
5734,1307.7555
5736,3245.2947
5737,49002.68
5739,-175.84055
5740,1307.7555
5742,3245.2947
5743,49002.68
5745,-175.84055
5746,1307.7555
5748,3245.2947
5749,49002.68
5751,-175.84055
5754,3351.095
5755,49321.664
5758,1478.0382
5760,3351.095
5761,49321.664
5764,1478.0382
5766,3351.095
5767,49321.664
5769,-218.7437
5773,49347.223
5776,1503.5969
5778,3360.9329
5779,49347.223
5781,-208.9059
5784,3360.9329
5785,49347.223
5787,-208.9059
5788,1503.5969
5791,49347.223
5793,-208.9059
5794,1503.5969
5797,49213.17
5799,-342.9595
5800,1369.5433
5805,-342.9595
5806,1369.5433
5808,3226.8794
5809,49213.17
5812,1369.5433
5814,3226.8794
5815,49213.17
5817,-342.9595
5818,1369.5433
5820,3226.8794
5823,-342.9595
5824,1369.5433
5827,49213.17
5829,-342.9595
5836,1402.3567
5839,49245.99
5841,-310.14618
5845,49245.99
5847,-310.14618
5848,1402.3567
5851,49245.99
5854,1402.3567
5856,3136.1067
5857,49122.4
5859,-433.73236
5860,1278.7706
5866,1347.0441
5868,3341.3618
5869,49795.742
5872,1672.0801
5874,3341.3618
5875,49795.742
5880,3417.1912
5883,-132.68428
5887,49801.926
5889,-202.33076
5890,1678.2628
5893,50714.504
5895,112.80149
5896,2189.6614
5899,50959.223
5901,163.19441
5902,2434.3784
5904,3775.5981
5905,50959.223
5907,163.19441
5908,2434.3784
5910,3777.6409
5913,165.23724
5919,101.52708
5920,2178.387
5922,3713.9307
5923,50703.23
5926,2178.387
5928,3713.9307
5929,50703.23
5932,2178.387
5934,3713.9307
5935,50703.23
5937,101.52708
5938,2178.387
5940,3755.352
5941,50669.324
5943,142.94846
5944,2144.4814
5946,3755.352
5947,50669.324
5949,142.94846
5950,2144.4814
5952,3755.352
5953,50669.324
5956,2144.4814
5958,3713.691
5961,101.28748
5962,2106.8713
5964,3722.6086
5965,50352.062
5967,110.20501
5970,3704.5227
5971,50130.254
5973,92.11906
5974,2016.5825
5976,3690.584
5977,48931.484
5979,168.3419
5980,2048.7615
5986,2020.9476
5989,48772.773
5992,1648.4978
5995,48645.062
5998,1520.7842
6001,48882.902
6006,3505.1387
6007,49235.297
6009,-24.901752
6012,3253.1218
6013,48983.28
6015,-276.91873
6016,1459.7676
6018,3253.1218
6019,48983.28
6021,-276.91873
6022,1459.7676
6025,49310.332
6027,-250.78517
6028,1485.9011
6030,3299.8535
6031,49310.332
6033,-250.78517
6034,1485.9011
6036,3299.8535
6037,49310.332
6039,-250.78517
6040,1485.9011
6042,3299.8535
6045,-250.78517
6046,1485.9011
6048,3299.8535
6051,-250.78517
6052,1485.9011
6054,3299.8535
6055,49310.332
6057,-250.78517
6058,1485.9011
6060,3405.6538
6061,49629.316
6063,-293.68832
6064,1656.1838
6066,3405.6538
6069,-293.68832
6070,1656.1838
6073,49803.246
6076,1830.1133
6079,49803.246
6081,-119.7588
6084,3563.8625
6085,49803.246
6088,1830.1133
6091,49803.246
6096,3563.8625
6097,49803.246
6102,3429.809
6105,-269.53333
6108,3429.809
6109,49669.195
6111,-269.53333
6112,1696.0597
6114,3429.809
6115,49669.195
6118,1696.0597
6121,49669.195
6126,3429.809
6129,-269.53333
6130,1696.0597
6132,3429.809
6133,49669.195
6135,-269.53333
6138,3462.6223
6141,-236.72002
6142,1728.873
6144,3462.6223
6145,49702.01
6148,1728.873
6150,3462.6223
6153,-236.72002
6154,1728.873
6156,3462.6223
6157,49702.01
6159,-236.72002
6162,3339.0364
6163,49578.42
6166,1605.287
6168,3407.3098
6171,-292.0328
6172,1673.5604
6174,3544.2915
6175,50251.766
6177,-135.08745
6180,3544.2915
6181,50251.766
6184,1998.5963
6186,3620.1208
6189,-59.25812
6192,3550.4744
6193,50257.95
6195,-128.90453
6198,3928.1348
6199,51170.527
6201,186.22765
6202,2516.1777
6204,3978.5276
6205,51415.246
6208,2760.8948
6210,3978.5276
6211,51415.246
6213,236.62056
6217,51222.965
6219,238.6634
6222,3916.8604
6223,51159.254
6225,174.95323
6226,2504.9033
6228,3916.8604
6231,174.95323
6232,2504.9033
6237,174.95323
6240,3916.8604
6241,51159.254
6243,174.95323
6244,2504.9033
6246,3958.2817
6249,216.37465
6250,2470.9976
6252,3958.2817
6256,2470.9976
6258,3958.2817
6259,51125.348
6261,216.37465
6262,2470.9976
6264,3916.6206
6265,50898.742
6267,174.71367
6270,3925.5383
6271,50808.086
6273,183.63121
6274,2342.7307
6276,3907.4524
6279,165.54524
6282,3806.3572
6283,49387.508
6285,154.61174
6286,2375.2783
6289,45477.562
6292,2309.7092
6294,3280.7034
6295,47170.656
6297,-22.915638
6298,745.93866
6300,3660.266
6301,47423.9
6303,507.31107
6306,3619.8857
6307,48391.26
6309,241.45012
6310,1464.209
6312,2944.9067
6313,47863.414
6315,-433.52853
6318,2949.7441
6319,48101.254
6321,-409.68127
6322,960.207
6324,3134.6064
6325,48453.65
6327,-244.76985
6331,48201.633
6334,875.3432
6337,48201.633
6340,875.3432
6342,2929.3213
6343,48528.684
6345,-470.65332
6346,901.47675
6351,-470.65332
6352,901.47675
6354,2929.3213
6355,48528.684
6357,-470.65332
6358,901.47675
6360,2929.3213
6361,48528.684
6363,-470.65332
6364,901.47675
6366,2929.3213
6367,48528.684
6369,-470.65332
6370,901.47675
6372,2929.3213
6373,48528.684
6376,901.47675
6378,3035.1213
6379,48847.668
6381,-513.5564
6385,48847.668
6387,-513.5564
6388,1071.7596
6390,2966.6296
6391,48779.176
6393,-582.04846
6394,1003.2677
6396,2966.6296
6397,48779.176
6399,-582.04846
6400,1003.2677
6402,2950.909
6403,48779.176
6408,2950.909
6409,48779.176
6411,-597.7694
6412,1003.2677
6415,48779.176
6418,1003.2677
6420,2781.9143
6421,48610.184
6426,2781.9143
6427,48610.184
6429,-653.88745
6433,48610.184
6435,-653.88745
6436,947.14954
6438,2781.9143
6439,48610.184
6441,-653.88745
6444,2781.9143
6445,48610.184
6451,48610.184
6453,-653.88745
6454,947.14954
6460,1059.0453
6462,2893.8098
6463,48722.082
6465,-541.9918
6466,1059.0453
6469,48722.082
6472,1059.0453
6474,2893.8098
6475,48722.082
6477,-541.9918
6478,1059.0453
6480,2770.2239
6481,48598.492
6483,-665.5779
6484,935.4591
6486,2838.4973
6487,48666.766
6490,1003.73254
6496,1328.7684
6498,2975.4788
6499,49271.836
6501,-440.3592
6502,1328.7684
6504,3051.3083
6505,49347.664
6507,-364.52988
6508,1404.5978
6511,49278.02
6513,-434.1763
6514,1334.9515
6516,3647.8857
6519,169.5194
6522,3698.2786
6525,219.91231
6528,3698.2786
6529,50723.883
6531,219.91231
6535,50723.883
6537,219.91231
6540,3866.8237
6541,50698.1
6544,2353.851
6547,50698.1
6549,388.45752
6550,2353.851
6553,50698.1
6555,388.45752
6556,2353.851
6558,3866.8237
6559,50698.1
6561,388.45752
6564,4152.105
6565,50908.055
6567,673.73926
6568,2563.8062
6570,4152.105
6571,50908.055
6573,673.73926
6574,2563.8062
6576,4152.105
6577,50908.055
6579,673.73926
6580,2563.8062
6582,4110.444
6585,632.07825
6586,2526.196
6588,4119.3613
6589,50590.793
6591,640.9957
6597,622.9098
6598,2435.9075
6600,3962.2764
6601,49170.215
6604,2468.0864
6607,3722.0344
6608,45260.27
6609,45260.27
6612,398.381
6615,398.381
6616,2402.5176
6618,4051.6802
6619,48209.496
6622,2144.7493
6624,4011.3
6625,49176.86
6627,632.8648
6628,2412.5542
6630,3399.3357
6631,48712.027
6633,20.900425
6634,1947.7194
6636,3571.6475
6637,49117.34
6639,212.22229
6642,3504.493
6643,49217.72
6645,125.11673
6646,2054.177
6648,3504.493
6649,49217.72
6651,125.11673
6654,3504.493
6655,49217.72
6657,125.11673
6658,2054.177
6660,3551.2246
6661,49544.77
6664,2080.3113
6666,3551.2246
6667,49544.77
6673,49544.77
6675,151.25026
6676,2080.3113
6679,49544.77
6681,151.25026
6682,2080.3113
6684,3551.2246
6685,49544.77
6688,2080.3113
6690,3551.2246
6691,49544.77
6693,151.25026
6694,2080.3113
6696,3657.025
6697,49675.266
6699,108.3471
6700,2062.1042
6702,3657.025
6703,49675.266
6705,108.3471
6706,2062.1042
6708,3588.533
6709,49606.773
6712,1993.6125
6714,3588.533
6715,49606.773
6717,39.85511
6718,1993.6125
6720,3572.8123
6721,49606.773
6723,24.134209
6724,1993.6125
6726,3572.8123
6727,49606.773
6729,24.134209
6730,1993.6125
6732,3572.8123
6735,24.134209
6738,3301.239
6741,-134.5624
6742,1834.916
6744,3301.239
6747,-134.5624
6750,3301.239
6751,49335.203
6753,-134.5624
6754,1834.916
6756,3301.239
6759,-134.5624
6763,49335.203
6765,-134.5624
6766,1834.916
6768,3301.239
6769,49335.203
6772,1834.916
6774,3029.822
6775,48949.57
6777,-231.45781
6778,1623.8005
6780,3029.822
6781,48949.57
6783,-231.45781
6787,48949.57
6789,-231.45781
6792,3029.822
6793,48949.57
6795,-231.45781
6796,1623.8005
6798,2906.236
6801,-355.04395
6804,2974.5095
6805,48894.254
6807,-286.77063
6808,1568.4879
6810,3111.4915
6811,49407.85
6813,-129.82521
6814,1802.0527
6816,3111.4915
6817,49407.85
6820,1802.0527
6822,3187.3206
6823,49483.68
6825,-53.995937
6826,1877.882
6828,3117.674
6829,49414.035
6831,-123.64231
6832,1808.2355
6834,3466.661
6838,2290.9604
6840,3487.839
6841,50513.44
6843,183.99416
6844,2506.4624
6846,3487.839
6847,50513.44
6849,183.99416
6850,2506.4624
6852,3519.2336
6855,215.38869
6856,2165.17
6858,3383.1467
6861,79.30195
6864,3383.1467
6868,2029.083
6870,3383.1467
6871,50036.06
6873,79.30195
6874,2029.083
6877,50036.06
6880,2029.083
6882,3085.8523
6885,83.43897
6889,49422.54
6891,83.43897
6892,1716.995
6895,49422.54
6898,1716.995
6900,2792.175
6901,48873.363
6903,73.77687
6906,2821.198
6907,48873.363
6909,102.799416
6912,2803.112
6913,48651.555
6915,84.71346
6916,1641.2006
6918,2664.1125
6919,47452.785
6921,35.87559
6925,43542.84
6927,-139.81541
6930,2180.8552
6931,42355.88
6937,42681.61
6939,75.79565
6940,640.9116
6942,1971.0939
6945,315.4063
6948,2107.8162
6949,43438.08
6951,471.13907
6952,1183.3843
6954,2040.6617
6955,43538.457
6957,384.03354
6958,1098.5205
6963,384.03354
6964,1098.5205
6966,2040.6617
6967,43538.457
6970,1098.5205
6972,2073.4683
6975,396.24136
6976,1110.7284
6978,2073.4683
6979,43851.582
6981,396.24136
6982,1110.7284
6984,2073.4683
6987,396.24136
6988,1110.7284
6990,2073.4683
6993,396.24136
6994,1110.7284
6996,2073.4683
6997,43851.582
6999,396.24136
7000,1110.7284
7002,2073.4683
7003,43851.582
7005,396.24136
7006,1110.7284
7008,2144.2864
7009,43922.312
7011,368.3988
7012,1082.7994
7015,43922.312
7017,368.3988
7018,1082.7994
7020,2075.7942
7021,43853.82
7023,299.9068
7026,2075.7942
7027,43853.82
7029,299.9068
7032,2060.0735
7033,43853.82
7035,284.18582
7038,2060.0735
7039,43853.82
7042,1014.3076
7044,2060.0735
7047,284.18582
7050,1788.4998
7053,125.48928
7054,855.61096
7056,1788.4998
7057,43582.25
7059,125.48928
7060,855.61096
7062,1788.4998
7063,43582.25
7066,855.61096
7068,1788.4998
7069,43582.25
7072,855.61096
7074,1788.4998
7075,43582.25
7077,125.48928
7078,855.61096
7080,1788.4998
7081,43582.25
7083,125.48928
7084,855.61096
7086,1517.0828
7087,43196.617
7089,28.593874
7092,1517.0828
7093,43196.617
7095,28.593874
7096,644.49554
7101,28.593874
7102,644.49554
7104,1517.0828
7107,28.593874
7108,644.49554
7110,1393.4966
7113,-94.9923
7116,1461.77
7117,43141.3
7119,-26.718939
7120,589.18274
7122,1598.7518
7125,130.22647
7126,822.74756
7128,1598.7518
7129,43654.9
7131,130.22647
7132,822.74756
7134,1674.581
7135,43730.727
7138,898.5768
7140,1604.9346
7141,43661.082
7143,136.40933
7144,828.9303
7146,1924.6558
7147,44476.83
7152,1945.8337
7154,-23.764713
7155,414.7794
7156,1458.9987
7158,1945.8337
7159,44692.332
7161,414.7794
7162,1458.9987
7164,1977.228
7165,44351.04
7167,446.1739
7168,1117.7057
7173,310.08716
7174,981.6192
7176,1446.1184
7177,43819.926
7179,-84.935616
7182,1446.1184
7183,43819.926
7185,-84.935616
7188,1446.1184
7189,43819.926
7191,-84.935616
7192,586.5967
7195,43206.406
7197,-80.79859
7198,274.50925
7200,1148.8242
7201,43206.406
7203,-80.79859
7207,43206.406
7209,-80.79859
7210,274.50925
7213,42747.887
7215,-70.3557
7216,289.0033
7219,42657.23
7222,198.34633
7224,866.0836
7225,42435.42
7227,-79.52412
7228,198.71474
7230,727.0842
7231,41236.652
7233,-128.36197
7234,230.89372
7236,501.03015
7237,37661.504
7239,-289.8645
7240,500.12308
7242,1317.9285
7243,37281.094
7245,71.713264
7248,1391.7191
7249,38129.984
7252,-467.8316
7254,1828.3992
7255,38713.797
7257,356.7034
7260,2094.6333
7261,39733.105
7263,641.94794
7266,2027.4789
7269,554.84235
7270,836.43616
7272,2027.4789
7273,39833.484
7275,554.84235
7276,836.43616
7278,2027.4789
7279,39833.484
7281,554.84235
7285,40146.61
7287,567.0501
7288,848.6439
7290,2060.285
7291,40146.61
7293,567.0501
7299,567.0501
7303,40146.61
7305,567.0501
7308,2060.285
7309,40146.61
7311,567.0501
7312,848.6439
7314,1880.2096
7315,39966.535
7318,668.5686
7320,1951.0275
7321,40037.266
7323,359.13223
7324,640.6395
7327,40037.266
7330,640.6395
7332,1882.5356
7335,290.64023
7336,572.14746
7338,1882.5356
7342,572.14746
7344,1866.8147
7347,274.91928
7348,572.14746
7350,2025.9137
7351,40127.875
7354,731.2465
7359,434.01837
7360,731.2465
7363,39856.305
7365,275.3218
7366,572.5499
7369,39444.35
7372,160.5978
7374,1639.8906
7377,160.87195
7380,1639.8906
7381,39444.35
7383,160.87195
7389,160.87195
7390,160.5978
7393,39444.35
7395,160.87195
7396,160.5978
7398,1368.4736
7401,63.97654
7404,1368.4736
7405,39058.72
7407,63.97654
7408,-50.517612
7410,1368.4736
7411,39058.72
7413,63.97654
7414,-50.517612
7416,1368.4736
7417,39058.72
7419,63.97654
7420,-50.517612
7422,1244.8875
7423,38935.13
7425,-59.60961
7426,-174.1038
7428,1313.1609
7429,39003.402
7431,8.663752
7432,-105.830444
7434,1450.1426
7435,39517.0
7438,127.734314
7443,165.60918
7444,127.734314
7446,1525.9718
7447,39592.83
7450,203.5637
7452,1456.3254
7455,171.79204
7456,133.91724
7461,482.13055
7462,601.6303
7464,1850.3707
7465,40607.582
7467,503.3086
7468,817.13245
7470,1850.3707
7471,40607.582
7474,817.13245
7476,1881.765
7477,40266.29
7485,398.6164
7486,339.75278
7488,1350.6555
7489,39735.176
7491,3.5934691
7492,-55.26993
7495,39735.176
7497,3.5934691
7498,-55.26993
7503,3.5934691
7504,-55.26993
7506,1053.3615
7507,39121.656
7509,7.7305007
7512,1053.3615
7513,39121.656
7515,7.7305007
7518,1053.3615
7519,39121.656
7522,-367.3573
7525,38663.137
7530,788.7067
7533,27.090929
7534,-443.5203
7536,770.6209
7537,38350.67
7539,9.004992
7544,-4179.83
7545,-67.23329
7546,-286.4744
7548,546.1197
7549,34234.184
7552,320.21274
7554,1571.3892
7557,-122.985344
7558,-691.13696
7561,38017.043
7563,-274.67523
7564,-541.80316
7567,38600.855
7569,162.00479
7570,42.006485
7573,40047.43
7576,1274.5933
7578,2960.2212
7579,40399.824
7581,1039.4255
7582,1441.7461
7584,2708.2043
7587,787.4085
7588,1189.7292
7593,787.4085
7594,1189.7292
7596,2741.0103
7597,40460.934
7599,799.6163
7603,40460.934
7605,799.6163
7606,1201.937
7608,2741.0103
7609,40460.934
7611,799.6163
7612,1201.937
7614,2741.0103
7615,40460.934
7618,1201.937
7620,2741.0103
7621,40460.934
7624,1201.937
7626,2560.9353
7629,619.54095
7630,1021.8618
7633,39622.035
7636,567.2226
7638,2353.0115
7641,615.8011
7642,567.2226
7644,2284.5195
7647,547.30927
7648,498.73062
7650,2284.5195
7651,39553.543
7653,547.30927
7654,498.73062
7656,2268.7986
7659,531.5883
7662,2427.8975
7663,39712.645
7665,690.6873
7666,657.8296
7668,2427.8975
7669,39712.645
7671,690.6873
7672,657.8296
7674,2156.3242
7675,39441.074
7677,531.9908
7680,2041.8744
7683,417.54095
7684,87.18085
7686,1306.4208
7687,38293.664
7689,141.25572
7690,-189.10435
7692,1306.4208
7693,38293.664
7695,141.25572
7696,-189.10435
7698,1306.4208
7699,38293.664
7701,141.25572
7702,-189.10435
7704,1306.4208
7705,38293.664
7708,-189.10435
